0;0;0.0;0.0;-16311.139;-255.0;-249.49922;-127.423454;16240.369;explore_def;12;0.55917186;DEFEAT
0;0;0.0;0.0;-126135.734;-255.0;-236.62112;-252.72961;20546.504;explore_def;8;0.49678084;DEFEAT
0;0;0.0;0.0;-128384.77;-255.0;-237.16234;-252.87233;20545.502;explore_def;8;0.27087492;DEFEAT
0;0;0.0;0.0;-130626.266;-255.0;-238.43954;-252.92207;20981.555;explore_def;8;0.2318846;DEFEAT
0;0;0.0;0.0;-132069.62;-255.0;-240.1214;-252.34923;20530.523;explore_def;8;0.2464956;DEFEAT
0;0;0.0;0.0;-130528.19;-255.0;-243.12311;-251.81819;20229.861;explore_def;8;0.25868925;DEFEAT
0;0;0.0;0.0;-127924.586;-255.0;-239.26224;-251.1888;19870.309;explore_def;8;0.2644422;DEFEAT
0;0;0.0;0.0;-126397.11;-255.0;-242.39294;-252.99178;21056.42;explore_def;8;0.21578278;DEFEAT
0;0;0.0;0.0;-124857.72;-255.0;-233.50882;-252.96773;20933.047;explore_def;8;0.1750743;DEFEAT
0;0;0.0;0.0;-124136.75;-255.0;-242.81668;-252.996;21161.018;explore_def;6;0.12652233;DEFEAT
0;0;0.0;0.0;-124378.984;-255.0;-234.17253;-252.93077;20934.484;explore_def;6;0.13654312;DEFEAT
0;0;0.0;0.0;-123869.414;-255.0;-242.07161;-252.83061;20768.451;explore_def;6;0.14499597;DEFEAT
0;0;0.0;0.0;-119055.69;-255.0;-245.94441;-252.36348;20962.756;explore_def;4;0.156815;DEFEAT
0;0;0.0;0.0;-117752.45;-255.0;-238.1447;-252.4444;21240.227;explore_def;4;0.13740873;DEFEAT
0;0;0.0;0.0;-119296.95;-255.0;-242.97005;-252.9965;21840.191;explore_def;4;0.11727354;DEFEAT
0;0;0.0;0.0;-106528.19;-255.0;-233.54137;-251.43234;20714.107;explore_def;4;0.0904851;DEFEAT
0;0;0.0;0.0;-104746.93;-255.0;-233.01123;-251.18565;20588.129;explore_def;4;0.08440951;DEFEAT
0;0;0.0;0.0;-105003.17;-255.0;-232.91342;-251.28812;20689.318;explore_def;4;0.11648492;DEFEAT
0;0;0.0;0.0;-106022.81;-255.0;-233.22316;-251.59888;21057.75;explore_def;4;0.11677257;DEFEAT
0;0;0.0;0.0;-115459.56;-255.0;-234.71367;-252.99963;21945.773;explore_def;4;0.058855947;DEFEAT
0;0;0.0;0.0;-123858.32;-255.0;-236.00877;-252.84909;21054.553;explore_def;4;0.122539476;DEFEAT
0;0;0.0;0.0;-126392.95;-255.0;-241.42007;-252.99843;21287.133;explore_def;2;0.46578342;DEFEAT
0;0;0.0;0.0;-17842.01;-255.0;-249.93556;-132.49837;15755.324;explore_def;12;0.569084;DEFEAT
0;0;0.0;0.0;-130341.516;-255.0;-233.75894;-252.95471;20833.293;explore_def;10;0.32386893;DEFEAT
0;0;0.0;0.0;-127874.72;-255.0;-237.90388;-252.99644;20926.32;explore_def;8;0.31257835;DEFEAT
0;0;0.0;0.0;-127140.97;-255.0;-236.91406;-252.80444;20468.99;explore_def;8;0.31623113;DEFEAT
0;0;0.0;0.0;-126340.72;-255.0;-242.49147;-252.42218;20241.477;explore_def;4;0.28981638;DEFEAT
0;0;0.0;0.0;-128832.805;-255.0;-240.47897;-252.39088;20453.326;explore_def;4;0.21457948;DEFEAT
0;0;0.0;0.0;-127468.42;-255.0;-238.25174;-251.24835;19598.188;explore_def;2;0.119004875;DEFEAT
0;0;0.0;0.0;-127437.625;-255.0;-241.42032;-251.09521;19568.684;explore_def;2;0.029510103;DEFEAT
0;0;0.0;0.0;-129736.32;-255.0;-239.55016;-251.5981;20076.32;explore_def;2;0.049531918;DEFEAT
0;0;0.0;0.0;-134594.08;-255.0;-236.3753;-252.6367;20970.105;explore_def;2;0.13651729;DEFEAT
0;0;0.0;0.0;-135884.4;-255.0;-236.73863;-252.99805;21446.918;explore_def;2;0.20587702;DEFEAT
0;0;0.0;0.0;-132341.67;-255.0;-236.28157;-252.95314;20813.076;explore_def;10;0.43342575;DEFEAT
0;0;0.0;0.0;-132040.78;-255.0;-233.45021;-252.97734;20874.23;explore_def;8;0.28108302;DEFEAT
0;0;0.0;0.0;-126859.29;-255.0;-234.45804;-252.96645;20718.982;explore_def;8;0.034832854;DEFEAT
0;0;0.0;0.0;-126637.76;-255.0;-236.9641;-252.99782;20817.027;explore_def;8;0.08213304;DEFEAT
0;0;0.0;0.0;-126889.81;-255.0;-241.49329;-252.91801;20780.04;explore_def;8;0.12852876;DEFEAT
0;0;0.0;0.0;-126621.58;-255.0;-235.38869;-252.99652;20816.934;explore_def;6;0.14892662;DEFEAT
0;0;0.0;0.0;-126373.95;-255.0;-237.57501;-252.99265;20882.14;explore_def;6;0.053035624;DEFEAT
0;1;0.0;31538.172;-121074.016;-255.0;-235.73816;-252.65553;21169.05;explore_off;6;0.005117986;DEFEAT
0;1;0.0;31538.172;-123837.89;-255.0;-239.0438;-252.6663;20945.408;explore_off;6;0.09953169;DEFEAT
0;1;0.0;31538.172;-127114.09;-255.0;-238.8897;-252.99826;20818.5;explore_off;6;0.16146527;DEFEAT
0;1;0.0;31538.172;-125022.67;-255.0;-236.6912;-251.67203;19585.736;explore_off;6;0.17819913;DEFEAT
0;1;0.0;31538.172;-128253.48;-255.0;-235.7333;-251.85278;19647.848;explore_off;6;0.30001572;DEFEAT
0;1;0.0;31538.172;-134597.94;-255.0;-235.984;-252.99664;20891.227;explore_off;4;0.43364945;DEFEAT
0;0;0.0;0.0;-133083.95;-255.0;-235.9108;-252.95567;20680.217;explore_def;12;0.5321479;DEFEAT
0;0;0.0;0.0;-134047.53;-255.0;-237.81258;-252.98393;20988.066;explore_def;6;0.1588157;DEFEAT
0;0;0.0;0.0;-126806.82;-255.0;-233.66283;-252.99596;20907.234;explore_def;6;0.17684144;DEFEAT
0;0;0.0;0.0;-125083.14;-255.0;-237.87444;-252.79573;20681.03;explore_def;6;0.1989751;DEFEAT
0;0;0.0;0.0;-122823.04;-255.0;-239.09656;-252.63722;20674.488;explore_def;6;0.21715942;DEFEAT
0;0;0.0;0.0;-120281.68;-255.0;-235.78625;-252.03247;20345.137;explore_def;6;0.22445793;DEFEAT
0;0;0.0;0.0;-123110.234;-255.0;-245.27353;-252.92395;21192.06;explore_def;6;0.24551612;DEFEAT
0;0;0.0;0.0;-124113.95;-255.0;-240.86722;-252.99887;21497.912;explore_def;4;0.4852896;DEFEAT
0;0;0.0;0.0;-123834.01;-255.0;-233.23708;-252.99606;21222.23;explore_def;2;0.594183;DEFEAT
0;0;0.0;0.0;-16311.856;-255.0;-250.48112;-128.11853;16287.326;explore_def;10;0.5749488;DEFEAT
0;0;0.0;0.0;-132580.6;-255.0;-234.89806;-252.95767;20788.14;explore_def;8;0.31007287;DEFEAT
0;0;0.0;0.0;-132551.72;-255.0;-233.71419;-252.98686;20845.574;explore_def;8;0.24326988;DEFEAT
0;0;0.0;0.0;-126048.84;-255.0;-232.49995;-252.99501;21188.89;explore_def;8;0.2556078;DEFEAT
0;0;0.0;0.0;-123325.59;-255.0;-233.89386;-252.72993;20901.672;explore_def;8;0.2663442;DEFEAT
0;0;0.0;0.0;-119753.55;-255.0;-235.4681;-252.6455;20925.158;explore_def;8;0.27720383;DEFEAT
0;0;0.0;0.0;-110363.9;-255.0;-241.4143;-252.11975;20989.926;explore_def;8;0.2997954;DEFEAT
0;0;0.0;0.0;-93543.516;-255.0;-241.5198;-252.99483;22381.559;explore_def;6;0.16891833;DEFEAT
0;0;0.0;0.0;-124326.49;-255.0;-235.43713;-252.99953;21335.027;explore_def;2;0.30445445;DEFEAT
0;0;0.0;0.0;-127058.06;-255.0;-234.9968;-252.98952;21281.123;explore_def;2;0.35931686;DEFEAT
0;0;0.0;0.0;-132835.1;-255.0;-234.74991;-252.94081;20787.715;explore_def;12;0.47768116;DEFEAT
0;0;0.0;0.0;-131799.53;-255.0;-232.1324;-252.90247;20674.955;explore_def;12;0.29780456;DEFEAT
0;0;0.0;0.0;-126306.45;-255.0;-232.56873;-252.83727;20929.793;explore_def;12;0.07233632;DEFEAT
0;0;0.0;0.0;-133574.03;-255.0;-235.27872;-252.99933;20683.154;explore_def;12;0.026766619;DEFEAT
0;0;0.0;0.0;-128566.12;-255.0;-235.34248;-252.99857;20788.506;explore_def;12;0.13478482;DEFEAT
0;0;0.0;0.0;-127081.65;-255.0;-232.36064;-252.67133;20365.6;explore_def;12;0.24471533;DEFEAT
0;0;0.0;0.0;-125878.54;-255.0;-239.40828;-252.52885;20281.764;explore_def;10;0.43516245;DEFEAT
0;0;0.0;0.0;-128876.66;-255.0;-237.30702;-252.99716;20694.008;explore_def;8;0.6845511;DEFEAT
0;0;0.0;0.0;-127872.016;-255.0;-234.97147;-252.99213;20861.4;explore_def;8;0.71954364;DEFEAT
0;0;0.0;0.0;-129151.21;-255.0;-241.84738;-252.9518;20730.547;explore_def;6;0.490806;DEFEAT
0;0;0.0;0.0;-130401.62;-255.0;-240.16069;-252.91074;20621.38;explore_def;6;0.2532338;DEFEAT
0;0;0.0;0.0;-135625.5;-255.0;-236.4878;-252.85596;20850.29;explore_def;4;0.018169101;DEFEAT
0;0;0.0;0.0;-128660.59;-255.0;-240.98157;-252.99805;20847.99;explore_def;4;0.14461197;DEFEAT
0;0;0.0;0.0;-128143.016;-255.0;-236.16632;-252.99698;20658.52;explore_def;2;0.3208549;DEFEAT
0;0;0.0;0.0;-126627.9;-255.0;-235.46106;-252.86522;20622.922;explore_def;2;0.108302966;DEFEAT
0;0;0.0;0.0;-128156.27;-255.0;-239.88681;-252.99944;20688.305;explore_def;2;0.34858504;DEFEAT
0;0;0.0;0.0;-127631.516;-255.0;-239.16397;-252.99481;20813.434;explore_def;2;0.5453763;DEFEAT
0;0;0.0;0.0;-126389.84;-255.0;-240.4477;-252.96724;20903.299;explore_def;2;0.5678946;DEFEAT
0;0;0.0;0.0;-128650.625;-255.0;-236.76645;-252.99782;20559.87;explore_def;2;0.4564255;DEFEAT
0;0;0.0;0.0;-126900.42;-255.0;-241.84389;-252.89229;20777.945;explore_def;2;0.34837455;DEFEAT
0;0;0.0;0.0;-125643.59;-255.0;-243.31117;-252.82205;20934.715;explore_def;2;0.2337981;DEFEAT
0;0;0.0;0.0;-123594.99;-255.0;-237.11298;-252.99446;21304.621;explore_def;2;0.11393697;DEFEAT
0;0;0.0;0.0;-130629.66;-255.0;-238.3438;-252.99721;20863.45;explore_def;2;0.056695014;DEFEAT
0;0;0.0;0.0;-128135.34;-255.0;-241.91397;-252.67555;20490.46;explore_def;2;0.29268172;DEFEAT
0;0;0.0;0.0;-132289.16;-255.0;-233.71419;-252.92326;20793.215;explore_def;10;0.25541908;DEFEAT
0;0;0.0;0.0;-126029.41;-255.0;-232.96405;-252.89372;21038.398;explore_def;10;0.1570902;DEFEAT
0;0;0.0;0.0;-124067.88;-255.0;-234.49406;-252.79536;20995.02;explore_def;10;0.049450874;DEFEAT
0;0;0.0;0.0;-132349.58;-255.0;-236.30174;-252.8898;20615.426;explore_def;10;0.20382142;DEFEAT
0;0;0.0;0.0;-129331.92;-255.0;-234.77959;-252.99994;20780.738;explore_def;10;0.27677676;DEFEAT
0;0;0.0;0.0;-126130.8;-255.0;-236.67036;-252.98242;20904.15;explore_def;10;0.36099985;DEFEAT
0;0;0.0;0.0;-126117.33;-255.0;-234.45734;-252.99776;20963.527;explore_def;8;0.30248213;DEFEAT
0;0;0.0;0.0;-125608.63;-255.0;-237.75562;-252.99661;21148.287;explore_def;6;0.5071026;DEFEAT
0;0;0.0;0.0;-126866.33;-255.0;-236.44092;-252.99886;20962.895;explore_def;4;0.70037854;DEFEAT
0;0;0.0;0.0;-130100.07;-255.0;-235.51624;-252.98906;20636.371;explore_def;4;0.68717134;DEFEAT
0;0;0.0;0.0;-129100.14;-255.0;-233.02267;-252.96584;20696.48;explore_def;2;0.66733986;DEFEAT
0;0;0.0;0.0;-132332.69;-255.0;-234.74985;-252.99582;20814.605;explore_def;10;0.27440006;DEFEAT
0;0;0.0;0.0;-132056.94;-255.0;-233.15422;-252.90245;20668.219;explore_def;10;0.14598441;DEFEAT
0;0;0.0;0.0;-125803.83;-255.0;-232.08221;-252.9998;21160.785;explore_def;10;0.128594;DEFEAT
0;0;0.0;0.0;-125816.02;-255.0;-233.5717;-252.99501;21004.49;explore_def;10;0.14357588;DEFEAT
0;0;0.0;0.0;-125612.48;-255.0;-234.42903;-252.9974;20897.732;explore_def;10;0.13930285;DEFEAT
0;0;0.0;0.0;-127376.86;-255.0;-234.07823;-252.98502;20782.805;explore_def;10;0.20786278;DEFEAT
0;0;0.0;0.0;-127640.85;-255.0;-237.97386;-252.9961;20867.938;explore_def;8;0.65111154;DEFEAT
0;0;0.0;0.0;-127376.25;-255.0;-238.27786;-252.99986;20775.35;explore_def;6;0.62583846;DEFEAT
0;0;0.0;0.0;-126635.17;-255.0;-234.12436;-252.7441;20454.324;explore_def;6;0.41346538;DEFEAT
0;0;0.0;0.0;-125880.914;-255.0;-240.81592;-252.98587;20935.12;explore_def;6;0.21795866;DEFEAT
0;0;0.0;0.0;-121574.79;-255.0;-243.1254;-252.15025;20352.791;explore_def;6;0.030245442;DEFEAT
0;0;0.0;0.0;-126400.68;-255.0;-239.88748;-252.99258;20929.762;explore_def;6;0.09887424;DEFEAT
0;0;0.0;0.0;-126908.22;-255.0;-240.7539;-252.94414;20728.566;explore_def;6;0.32086647;DEFEAT
0;0;0.0;0.0;-128882.95;-255.0;-232.86436;-252.99734;20558.588;explore_def;4;0.5231511;DEFEAT
0;0;0.0;0.0;-127122.81;-255.0;-238.4526;-252.99666;20765.805;explore_def;4;0.6784658;DEFEAT
0;0;0.0;0.0;-125629.75;-255.0;-238.66362;-252.81537;20633.348;explore_def;4;0.6231292;DEFEAT
0;0;0.0;0.0;-123863.39;-255.0;-240.20963;-252.75255;20779.121;explore_def;4;0.47544652;DEFEAT
0;0;0.0;0.0;-124115.39;-255.0;-236.66801;-252.99738;21144.895;explore_def;2;0.42814776;DEFEAT
0;0;0.0;0.0;-132591.38;-255.0;-234.98317;-252.9982;20813.037;explore_def;12;0.5101977;DEFEAT
0;0;0.0;0.0;-132554.28;-255.0;-232.875;-252.89224;20542.074;explore_def;12;0.5158366;DEFEAT
0;0;0.0;0.0;-126297.7;-255.0;-232.17435;-252.82423;20911.695;explore_def;8;0.53676087;DEFEAT
0;0;0.0;0.0;-137835.22;-255.0;-234.19846;-252.996;20838.027;explore_def;6;0.55441135;DEFEAT
0;0;0.0;0.0;-144400.6;-255.0;-234.99142;-252.99681;21158.445;explore_def;6;0.56541103;DEFEAT
0;0;0.0;0.0;-127861.69;-255.0;-239.30783;-252.95401;20866.383;explore_def;6;0.56352484;DEFEAT
0;0;0.0;0.0;-125844.87;-255.0;-237.10378;-252.88727;20626.844;explore_def;4;0.55772144;DEFEAT
0;0;0.0;0.0;-125110.94;-255.0;-231.53665;-252.91254;20824.762;explore_def;2;0.5656899;DEFEAT
0;0;0.0;0.0;-255000.0;-255.0;-255.0;-255.0;24999.982;idle;12;0.26232234;DEFEAT
0;0;0.0;0.0;-255000.0;-255.0;-255.0;-255.0;24999.982;idle;12;0.26232234;DEFEAT
0;0;0.0;0.0;-255000.0;-255.0;-255.0;-255.0;24999.982;idle;12;0.26232234;DEFEAT
0;0;0.0;0.0;-126410.555;-255.0;-242.27293;-252.96579;20878.496;explore_def;12;0.34453395;DEFEAT
0;0;0.0;0.0;-126392.43;-255.0;-241.386;-252.99733;20972.684;explore_def;12;0.10971294;DEFEAT
0;0;0.0;0.0;-128918.484;-255.0;-243.55022;-252.99956;20878.434;explore_def;12;0.094836526;DEFEAT
0;0;0.0;0.0;-130151.86;-255.0;-242.97917;-252.90889;20712.547;explore_def;12;0.38690752;DEFEAT
0;0;0.0;0.0;-132101.8;-255.0;-233.4953;-252.84692;20541.225;explore_def;12;0.4196718;DEFEAT
0;0;0.0;0.0;-132113.1;-255.0;-239.89807;-252.68709;20370.793;explore_def;12;0.44172984;DEFEAT
0;0;0.0;0.0;-128574.86;-255.0;-237.52704;-252.41257;20307.227;explore_def;12;0.48022002;DEFEAT
0;0;0.0;0.0;-125601.53;-255.0;-241.25154;-252.48564;20530.816;explore_def;12;0.53124934;DEFEAT
0;0;0.0;0.0;-121045.93;-255.0;-244.23764;-251.4295;19537.793;explore_def;10;0.5667558;DEFEAT
0;0;0.0;0.0;-127150.0;-255.0;-242.0695;-252.99722;21179.447;explore_def;10;0.467745;DEFEAT
0;0;0.0;0.0;-129400.03;-255.0;-242.83684;-252.99817;20954.332;explore_def;10;0.42340901;DEFEAT
0;0;0.0;0.0;-128606.555;-255.0;-238.25333;-252.99884;20928.395;explore_def;10;0.40211365;DEFEAT
0;0;0.0;0.0;-128369.266;-255.0;-232.4871;-252.99872;20812.41;explore_def;8;0.48792192;DEFEAT
0;0;0.0;0.0;-129122.695;-255.0;-231.41237;-252.9989;20676.21;explore_def;8;0.48886493;DEFEAT
0;0;0.0;0.0;-126888.74;-255.0;-238.13339;-252.922;20838.885;explore_def;8;0.4743416;DEFEAT
0;0;0.0;0.0;-126888.74;-255.0;-238.13339;-252.922;20838.885;explore_def;8;0.4743416;DEFEAT
0;0;0.0;0.0;-127398.14;-255.0;-239.78114;-252.91608;20658.2;explore_def;8;0.38816327;DEFEAT
0;0;0.0;0.0;-126876.61;-255.0;-237.58105;-252.77927;20475.258;explore_def;6;0.22470777;DEFEAT
0;0;0.0;0.0;-125885.43;-255.0;-239.19307;-252.99661;20993.594;explore_def;6;0.09658086;DEFEAT
0;0;0.0;0.0;-124871.5;-255.0;-240.42152;-252.81197;20780.111;explore_def;6;-0.0043048295;DEFEAT
0;0;0.0;0.0;-124863.6;-255.0;-236.35002;-252.99858;21058.043;explore_def;6;0.035741255;DEFEAT
0;0;0.0;0.0;-125349.67;-255.0;-236.10292;-252.99448;20958.547;explore_def;6;0.048605356;DEFEAT
0;0;0.0;0.0;-127869.3;-255.0;-237.91444;-252.99661;20703.623;explore_def;6;0.022718199;DEFEAT
0;0;0.0;0.0;-128366.55;-255.0;-234.87175;-252.9974;20828.863;explore_def;6;0.011614146;DEFEAT
0;0;0.0;0.0;-128366.55;-255.0;-234.87175;-252.9974;20828.863;explore_def;6;0.011614146;DEFEAT
0;0;0.0;0.0;-128366.55;-255.0;-234.87175;-252.9974;20828.863;explore_def;6;0.011614146;DEFEAT
0;0;0.0;0.0;-128366.55;-255.0;-234.87175;-252.9974;20828.863;explore_def;6;0.011614146;DEFEAT
0;0;0.0;0.0;-128366.55;-255.0;-234.87175;-252.9974;20828.863;explore_def;6;0.011614146;DEFEAT
0;0;0.0;0.0;-128366.55;-255.0;-234.87175;-252.9974;20828.863;explore_def;6;0.011614146;DEFEAT
0;0;0.0;0.0;-128366.55;-255.0;-234.87175;-252.9974;20828.863;explore_def;6;0.011614146;DEFEAT
0;0;0.0;0.0;-128366.55;-255.0;-234.87175;-252.9974;20828.863;explore_def;6;0.011614146;DEFEAT
0;0;0.0;0.0;-128366.55;-255.0;-234.87175;-252.9974;20828.863;explore_def;6;0.011614146;DEFEAT
0;0;0.0;0.0;-128366.55;-255.0;-234.87175;-252.9974;20828.863;explore_def;6;0.011614146;DEFEAT
0;0;0.0;0.0;-128366.55;-255.0;-234.87175;-252.9974;20828.863;explore_def;6;0.011614146;DEFEAT
0;0;0.0;0.0;-128366.55;-255.0;-234.87175;-252.9974;20828.863;explore_def;6;0.011614146;DEFEAT
0;0;0.0;0.0;-128366.55;-255.0;-234.87175;-252.9974;20828.863;explore_def;6;0.011614146;DEFEAT
0;0;0.0;0.0;-128366.55;-255.0;-234.87175;-252.9974;20828.863;explore_def;6;0.011614146;DEFEAT
0;0;0.0;0.0;-126614.83;-255.0;-239.35669;-252.9964;20944.05;explore_def;6;0.0584216;DEFEAT
0;0;0.0;0.0;-125113.055;-255.0;-235.27965;-252.99591;21103.195;explore_def;6;0.0062863333;DEFEAT
0;0;0.0;0.0;-125105.55;-255.0;-237.54216;-252.9979;21242.066;explore_def;6;0.34487703;DEFEAT
0;0;0.0;0.0;-126847.7;-255.0;-235.90422;-252.9993;20888.832;explore_def;4;0.5434251;DEFEAT
0;0;0.0;0.0;-128323.43;-255.0;-232.3019;-252.98454;21019.783;explore_def;2;0.7339146;DEFEAT
0;0;0.0;0.0;-255000.0;-255.0;-255.0;-255.0;24999.982;idle;12;0.5555355;DEFEAT
0;0;0.0;0.0;-255000.0;-255.0;-255.0;-255.0;24999.982;idle;12;0.5555355;DEFEAT
0;0;0.0;0.0;-255000.0;-255.0;-255.0;-255.0;24999.982;idle;12;0.5555355;DEFEAT
0;0;0.0;0.0;-255000.0;-255.0;-255.0;-255.0;24999.982;idle;12;0.5555355;DEFEAT
0;0;0.0;0.0;-255000.0;-255.0;-255.0;-255.0;24999.982;idle;12;0.5555355;DEFEAT
0;0;0.0;0.0;-255000.0;-255.0;-255.0;-255.0;24999.982;idle;12;0.5555355;DEFEAT
0;0;0.0;0.0;-255000.0;-255.0;-255.0;-255.0;24999.982;idle;12;0.5555355;DEFEAT
0;0;0.0;0.0;-255000.0;-255.0;-255.0;-255.0;24999.982;idle;12;0.5555355;DEFEAT
0;0;0.0;0.0;-255000.0;-255.0;-255.0;-255.0;24999.982;idle;12;0.5555355;DEFEAT
0;0;0.0;0.0;-255000.0;-255.0;-255.0;-255.0;24999.982;idle;12;0.5555355;DEFEAT
0;0;0.0;0.0;-255000.0;-255.0;-255.0;-255.0;24999.982;idle;12;0.5555355;DEFEAT
0;0;0.0;0.0;-255000.0;-255.0;-255.0;-255.0;24999.982;idle;12;0.5555355;DEFEAT
0;0;0.0;0.0;-255000.0;-255.0;-255.0;-255.0;24999.982;idle;12;0.5555355;DEFEAT
0;0;0.0;0.0;-255000.0;-255.0;-255.0;-255.0;24999.982;idle;12;0.5555355;DEFEAT
0;0;0.0;0.0;-255000.0;-255.0;-255.0;-255.0;24999.982;idle;12;0.5555355;DEFEAT
0;0;0.0;0.0;-255000.0;-255.0;-255.0;-255.0;24999.982;idle;12;0.5555355;DEFEAT
0;0;0.0;0.0;-255000.0;-255.0;-255.0;-255.0;24999.982;idle;12;0.5555355;DEFEAT
0;0;0.0;0.0;-255000.0;-255.0;-255.0;-255.0;24999.982;idle;12;0.5555355;DEFEAT
0;0;0.0;0.0;-255000.0;-255.0;-255.0;-255.0;24999.982;idle;12;0.5555355;DEFEAT
0;0;0.0;0.0;-255000.0;-255.0;-255.0;-255.0;24999.982;idle;12;0.5555355;DEFEAT
0;0;0.0;0.0;-255000.0;-255.0;-255.0;-255.0;24999.982;idle;12;0.5555355;DEFEAT
0;0;0.0;0.0;-255000.0;-255.0;-255.0;-255.0;24999.982;idle;12;0.5555355;DEFEAT
0;0;0.0;0.0;-255000.0;-255.0;-255.0;-255.0;24999.982;idle;12;0.5555355;DEFEAT
0;0;0.0;0.0;-255000.0;-255.0;-255.0;-255.0;24999.982;idle;12;0.5555355;DEFEAT
0;0;0.0;0.0;-255000.0;-255.0;-255.0;-255.0;24999.982;idle;12;0.5555355;DEFEAT
0;0;0.0;0.0;-255000.0;-255.0;-255.0;-255.0;24999.982;idle;12;0.5555355;DEFEAT
0;0;0.0;0.0;-255000.0;-255.0;-255.0;-255.0;24999.982;idle;12;0.5555355;DEFEAT
0;0;0.0;0.0;-255000.0;-255.0;-255.0;-255.0;24999.982;idle;12;0.5555355;DEFEAT
0;0;0.0;0.0;-255000.0;-255.0;-255.0;-255.0;24999.982;idle;12;0.5555355;DEFEAT
0;0;0.0;0.0;-255000.0;-255.0;-255.0;-255.0;24999.982;idle;12;0.5555355;DEFEAT
0;0;0.0;0.0;-255000.0;-255.0;-255.0;-255.0;24999.982;idle;12;0.5555355;DEFEAT
0;0;0.0;0.0;-255000.0;-255.0;-255.0;-255.0;24999.982;idle;12;0.5555355;DEFEAT
0;0;0.0;0.0;-255000.0;-255.0;-255.0;-255.0;24999.982;idle;12;0.5555355;DEFEAT
0;0;0.0;0.0;-255000.0;-255.0;-255.0;-255.0;24999.982;idle;12;0.5555355;DEFEAT
0;0;0.0;0.0;-255000.0;-255.0;-255.0;-255.0;24999.982;idle;12;0.5555355;DEFEAT
0;0;0.0;0.0;-255000.0;-255.0;-255.0;-255.0;24999.982;idle;12;0.5555355;DEFEAT
0;0;0.0;0.0;-255000.0;-255.0;-255.0;-255.0;24999.982;idle;12;0.5555355;DEFEAT
0;0;0.0;0.0;-255000.0;-255.0;-255.0;-255.0;24999.982;idle;12;0.5555355;DEFEAT
0;0;0.0;0.0;-255000.0;-255.0;-255.0;-255.0;24999.982;idle;12;0.5555355;DEFEAT
0;0;0.0;0.0;-255000.0;-255.0;-255.0;-255.0;24999.982;idle;12;0.5555355;DEFEAT
0;0;0.0;0.0;-255000.0;-255.0;-255.0;-255.0;24999.982;idle;12;0.5555355;DEFEAT
0;0;0.0;0.0;-255000.0;-255.0;-255.0;-255.0;24999.982;idle;12;0.40892902;DEFEAT
0;0;0.0;0.0;-255000.0;-255.0;-255.0;-255.0;24999.982;idle;12;0.40892902;DEFEAT
0;0;0.0;0.0;-255000.0;-255.0;-255.0;-255.0;24999.982;idle;12;0.40892902;DEFEAT
0;0;0.0;0.0;-8665.25;-255.0;-250.24934;-69.251335;18444.605;explore_def;12;0.5942692;DEFEAT
0;0;0.0;0.0;-19104.24;-255.0;-237.83353;-136.74026;15361.193;explore_def;10;0.55019677;DEFEAT
0;0;0.0;0.0;-130877.32;-255.0;-230.98395;-252.99776;20830.562;explore_def;8;0.28251535;DEFEAT
0;0;0.0;0.0;-137906.45;-255.0;-239.32251;-252.99654;20795.375;explore_def;8;0.11326076;DEFEAT
0;0;0.0;0.0;-131885.58;-255.0;-241.38478;-252.99435;20769.977;explore_def;8;0.018521959;DEFEAT
0;0;0.0;0.0;-128363.95;-255.0;-237.8913;-252.67053;20333.12;explore_def;8;0.14451182;DEFEAT
0;0;0.0;0.0;-124809.6;-255.0;-234.8861;-251.49818;18951.871;explore_def;8;0.29318675;DEFEAT
0;0;0.0;0.0;-125082.4;-255.0;-235.34396;-251.73529;19354.54;explore_def;8;0.27997074;DEFEAT
0;0;0.0;0.0;-126867.805;-255.0;-239.05457;-252.96452;20706.979;explore_def;8;0.21265848;DEFEAT
0;0;0.0;0.0;-125638.89;-255.0;-241.16586;-252.93259;20900.33;explore_def;8;0.09084488;DEFEAT
0;0;0.0;0.0;-126376.98;-255.0;-239.6197;-252.99908;20946.14;explore_def;8;0.09627963;DEFEAT
0;0;0.0;0.0;-127379.55;-255.0;-231.99522;-252.9995;20721.035;explore_def;8;0.2699591;DEFEAT
0;0;0.0;0.0;-127628.17;-255.0;-236.94057;-252.97478;20569.062;explore_def;8;0.42451593;DEFEAT
0;0;0.0;0.0;-125118.266;-255.0;-236.47449;-252.87395;20766.71;explore_def;6;0.49629027;DEFEAT
0;0;0.0;0.0;-123854.72;-255.0;-236.63817;-252.99811;21212.992;explore_def;6;0.47025254;DEFEAT
0;0;0.0;0.0;-120036.17;-255.0;-241.40097;-252.47229;20859.234;explore_def;6;0.38674316;DEFEAT
0;0;0.0;0.0;-115972.31;-255.0;-234.9747;-252.82892;21685.86;explore_def;6;0.24507855;DEFEAT
0;0;0.0;0.0;-123598.81;-255.0;-237.98315;-252.99963;21330.152;explore_def;6;0.103615165;DEFEAT
0;0;0.0;0.0;-129652.484;-255.0;-233.58029;-252.93797;20882.11;explore_def;6;0.31255838;DEFEAT
0;0;0.0;0.0;-130657.445;-255.0;-242.82686;-252.9985;20871.238;explore_def;6;0.28713897;DEFEAT
0;0;0.0;0.0;-131902.94;-255.0;-239.64178;-252.99852;20660.23;explore_def;6;0.1987546;DEFEAT
0;0;0.0;0.0;-132153.38;-255.0;-240.74796;-252.91321;20708.725;explore_def;6;0.17537445;DEFEAT
0;0;0.0;0.0;-135607.5;-255.0;-241.60318;-252.608;20653.469;explore_def;6;0.15523413;DEFEAT
0;0;0.0;0.0;-138912.66;-255.0;-240.63043;-252.98402;21161.312;explore_def;6;0.2604035;DEFEAT
0;0;0.0;0.0;-127396.586;-255.0;-235.89687;-252.9956;20846.822;explore_def;4;0.60495275;DEFEAT
0;0;0.0;0.0;-126376.33;-255.0;-236.25465;-252.99722;20716.422;explore_def;2;0.53271145;DEFEAT
0;0;0.0;0.0;-125377.23;-255.0;-237.01524;-252.94304;20841.486;explore_def;2;0.2872859;DEFEAT
0;0;0.0;0.0;-132578.06;-255.0;-234.99886;-252.99583;20852.156;explore_def;12;0.6805273;DEFEAT
0;0;0.0;0.0;-132040.12;-255.0;-232.31784;-252.89217;20551.39;explore_def;12;0.564025;DEFEAT
0;0;0.0;0.0;-126304.37;-255.0;-232.57436;-252.99489;21178.682;explore_def;12;0.43656942;DEFEAT
0;0;0.0;0.0;-126377.766;-255.0;-235.11311;-252.83516;20549.098;explore_def;8;0.32451504;DEFEAT
0;0;0.0;0.0;-127656.63;-255.0;-236.92833;-252.99866;20685.645;explore_def;6;0.43698332;DEFEAT
0;0;0.0;0.0;-127076.625;-255.0;-237.9227;-252.38228;20299.07;explore_def;4;0.46414885;DEFEAT
0;0;0.0;0.0;-132627.02;-255.0;-241.38948;-252.51529;20467.902;explore_def;4;0.42444262;DEFEAT
0;0;0.0;0.0;-135750.44;-255.0;-240.24571;-251.87704;20103.602;explore_def;4;0.37755725;DEFEAT
0;0;0.0;0.0;-133663.72;-255.0;-238.74359;-252.9976;20963.715;explore_def;2;0.38458616;DEFEAT
0;0;0.0;0.0;-131825.25;-255.0;-234.74985;-252.99582;20697.477;explore_def;12;0.450495;DEFEAT
0;0;0.0;0.0;-133792.1;-255.0;-237.74677;-252.99881;21053.604;explore_def;10;0.03277828;DEFEAT
0;0;0.0;0.0;-126577.98;-255.0;-233.91176;-252.9055;21010.137;explore_def;10;0.1481352;DEFEAT
0;0;0.0;0.0;-124597.35;-255.0;-237.63028;-252.95749;21060.992;explore_def;10;0.27001283;DEFEAT
0;0;0.0;0.0;-122587.22;-255.0;-238.89389;-252.71385;20972.309;explore_def;8;0.3720947;DEFEAT
0;0;0.0;0.0;-122815.34;-255.0;-235.49895;-252.63206;20793.348;explore_def;8;0.47682413;DEFEAT
0;0;0.0;0.0;-123596.22;-255.0;-236.91367;-252.99852;21312.46;explore_def;6;0.5027469;DEFEAT
0;0;0.0;0.0;-125101.56;-255.0;-233.32478;-252.99861;21145.283;explore_def;6;0.5062482;DEFEAT
0;0;0.0;0.0;-126095.23;-255.0;-234.81857;-252.99854;21066.66;explore_def;4;0.5288495;DEFEAT
0;0;0.0;0.0;-127344.66;-255.0;-234.64404;-252.93788;20789.723;explore_def;2;0.5498685;DEFEAT
0;0;0.0;0.0;-127378.336;-255.0;-236.55176;-252.89096;20613.006;explore_def;2;0.58875984;DEFEAT
0;0;0.0;0.0;-126120.125;-255.0;-235.53777;-252.8269;20627.652;explore_def;2;0.591742;DEFEAT
0;0;0.0;0.0;-125867.42;-255.0;-234.32635;-252.71985;20485.361;explore_def;2;0.51269627;DEFEAT
0;0;0.0;0.0;-125360.766;-255.0;-238.03716;-252.57327;20405.85;explore_def;2;0.41892615;DEFEAT
0;0;0.0;0.0;-122068.39;-255.0;-242.73738;-251.72955;19822.455;explore_def;2;0.34946573;DEFEAT
0;0;0.0;0.0;-123082.53;-255.0;-237.43364;-252.45023;20617.09;explore_def;2;0.30786082;DEFEAT
0;0;0.0;0.0;-124367.38;-255.0;-238.83858;-252.99931;21187.781;explore_def;2;0.3017449;DEFEAT
0;0;0.0;0.0;-120293.375;-255.0;-237.35915;-251.81647;20193.137;explore_def;2;0.26538986;DEFEAT
0;0;0.0;0.0;-133080.25;-255.0;-234.64293;-252.94182;20623.86;explore_def;12;0.4204077;DEFEAT
0;0;0.0;0.0;-132543.06;-255.0;-233.29979;-252.99857;20791.023;explore_def;10;0.34077734;DEFEAT
0;0;0.0;0.0;-126039.71;-255.0;-232.85097;-252.99936;21129.535;explore_def;8;0.2233863;DEFEAT
0;0;0.0;0.0;-123555.41;-255.0;-233.78096;-252.68031;20833.92;explore_def;8;0.08202541;DEFEAT
0;0;0.0;0.0;-128565.664;-255.0;-235.09949;-252.99759;21159.932;explore_def;8;0.38555804;DEFEAT
0;0;0.0;0.0;-134054.16;-255.0;-236.0107;-252.9425;20975.324;explore_def;8;0.5002347;DEFEAT
0;0;0.0;0.0;-132570.69;-255.0;-235.59209;-252.94278;20659.594;explore_def;8;0.47076526;DEFEAT
0;0;0.0;0.0;-129852.766;-255.0;-236.46638;-252.83205;20251.254;explore_def;8;0.48785436;DEFEAT
0;0;0.0;0.0;-126611.48;-255.0;-239.23018;-252.64539;20390.809;explore_def;6;0.43389815;DEFEAT
0;0;0.0;0.0;-125338.58;-255.0;-237.72725;-252.37196;20120.66;explore_def;6;0.33292878;DEFEAT
0;0;0.0;0.0;-126358.0;-255.0;-239.00218;-252.46088;20181.65;explore_def;6;0.25740454;DEFEAT
0;0;0.0;0.0;-125317.79;-255.0;-236.43988;-251.35309;18858.66;explore_def;6;0.23884927;DEFEAT
0;0;0.0;0.0;-126373.07;-255.0;-236.7421;-252.99876;20893.617;explore_def;6;0.59165055;DEFEAT
0;0;0.0;0.0;-126384.53;-255.0;-239.64182;-252.95116;20742.88;explore_def;4;0.7085666;DEFEAT
0;0;0.0;0.0;-125890.64;-255.0;-237.91734;-252.99054;20973.527;explore_def;2;0.22496568;DEFEAT
0;0;0.0;0.0;-142118.25;-255.0;-232.54741;-252.99661;21067.215;explore_def;12;0.35114172;DEFEAT
0;0;0.0;0.0;-132296.86;-255.0;-234.13211;-252.98817;21041.848;explore_def;12;-0.0013717547;DEFEAT
0;0;0.0;0.0;-127867.46;-255.0;-235.00763;-252.99623;20743.775;explore_def;10;0.26790485;DEFEAT
0;0;0.0;0.0;-126378.734;-255.0;-236.61108;-252.92894;20844.55;explore_def;10;0.14980906;DEFEAT
0;0;0.0;0.0;-125385.266;-255.0;-237.56035;-252.99857;20979.215;explore_def;10;0.08758526;DEFEAT
0;0;0.0;0.0;-123873.08;-255.0;-238.38751;-252.7652;20822.82;explore_def;10;0.10281697;DEFEAT
0;0;0.0;0.0;-122606.97;-255.0;-242.84103;-252.53873;21215.22;explore_def;10;0.12035272;DEFEAT
0;0;0.0;0.0;-113922.55;-255.0;-239.8439;-251.56711;20493.918;explore_def;10;0.14176069;DEFEAT
0;0;0.0;0.0;-119011.56;-255.0;-233.05833;-252.74854;21193.959;explore_def;8;0.13615333;DEFEAT
0;0;0.0;0.0;-119011.56;-255.0;-233.05833;-252.74854;21193.959;explore_def;8;0.13615333;DEFEAT
0;0;0.0;0.0;-119011.56;-255.0;-233.05833;-252.74854;21193.959;explore_def;8;0.13615333;DEFEAT
0;0;0.0;0.0;-119011.56;-255.0;-233.05833;-252.74854;21193.959;explore_def;8;0.13615333;DEFEAT
0;0;0.0;0.0;-119011.56;-255.0;-233.05833;-252.74854;21193.959;explore_def;4;0.13615333;DEFEAT
0;0;0.0;0.0;-120286.56;-255.0;-233.05833;-252.74854;21182.13;shoot;2;0.13615333;DEFEAT
0;0;0.0;0.0;-120286.56;-255.0;-233.05833;-252.74854;21182.13;shoot;2;0.13615333;DEFEAT
0;0;0.0;0.0;-120286.56;-255.0;-233.05833;-252.74854;21182.13;shoot;2;0.13615333;DEFEAT
0;0;0.0;0.0;-120286.56;-255.0;-233.05833;-252.74854;21182.13;shoot;2;0.13615333;DEFEAT
0;0;0.0;0.0;-120286.56;-255.0;-233.05833;-252.74854;21182.13;shoot;2;0.13615333;DEFEAT
0;0;0.0;0.0;-120286.56;-255.0;-233.05833;-252.74854;21182.13;shoot;2;0.13615333;DEFEAT
0;0;0.0;0.0;-120286.56;-255.0;-233.05833;-252.74854;21182.13;shoot;2;0.13615333;DEFEAT
0;0;0.0;0.0;-120286.56;-255.0;-233.05833;-252.74854;21182.13;shoot;2;0.13615333;DEFEAT
0;0;0.0;0.0;-120286.56;-255.0;-233.05833;-252.74854;21182.13;shoot;2;0.13615333;DEFEAT
0;0;0.0;0.0;-120286.56;-255.0;-233.05833;-252.74854;21182.13;shoot;2;0.13615333;DEFEAT
0;0;0.0;0.0;-120286.56;-255.0;-233.05833;-252.74854;21182.13;shoot;2;0.13615333;DEFEAT
0;0;0.0;0.0;-120286.56;-255.0;-233.05833;-252.74854;21182.13;shoot;2;0.13615333;DEFEAT
0;0;0.0;0.0;-6885.0;-255.0;-255.0;-38.3559;18981.91;explore_def;10;0.7092861;DEFEAT
0;0;0.0;0.0;-10709.852;-255.0;-254.85133;-96.874214;18048.596;explore_def;10;0.6297557;DEFEAT
0;0;0.0;0.0;-29823.998;-255.0;-248.02399;-171.0726;13749.541;explore_def;10;0.5238691;DEFEAT
0;0;0.0;0.0;-128135.91;-255.0;-238.40096;-252.99777;20738.016;explore_def;8;0.33298054;DEFEAT
0;0;0.0;0.0;-129401.5;-255.0;-241.14299;-252.99251;20903.248;explore_def;8;0.09294257;DEFEAT
0;0;0.0;0.0;-127617.89;-255.0;-232.77211;-252.99599;20829.824;explore_def;8;0.038266983;DEFEAT
0;0;0.0;0.0;-127362.53;-255.0;-235.67937;-252.98506;20783.148;explore_def;8;0.11251823;DEFEAT
0;0;0.0;0.0;-129104.36;-255.0;-231.848;-252.99792;20301.54;explore_def;8;0.1721129;DEFEAT
0;0;0.0;0.0;-127865.98;-255.0;-235.88287;-252.79161;20374.74;explore_def;8;0.20459655;DEFEAT
0;0;0.0;0.0;-126326.75;-255.0;-234.06635;-252.52972;20264.068;explore_def;8;0.21891661;DEFEAT
0;0;0.0;0.0;-124285.92;-255.0;-235.23526;-252.06871;19928.617;explore_def;8;0.3731839;DEFEAT
0;0;0.0;0.0;-122279.88;-255.0;-235.9233;-252.02051;20049.488;explore_def;6;0.46560177;DEFEAT
0;0;0.0;0.0;-125081.42;-255.0;-236.93748;-252.94629;20803.184;explore_def;6;0.4784491;DEFEAT
0;0;0.0;0.0;-125076.88;-255.0;-236.50117;-252.99835;21282.484;explore_def;2;0.3835581;DEFEAT
0;0;0.0;0.0;-21164.156;-255.0;-254.15651;-147.34364;15183.729;explore_def;10;0.0;DEFEAT
0;0;0.0;0.0;-126296.62;-255.0;-233.3742;-252.99916;21196.668;explore_def;8;0.08386709;DEFEAT
0;1;0.0;31662.21;-122809.55;-255.0;-234.73453;-252.63718;20865.2;explore_off;8;0.10564397;DEFEAT
0;1;0.0;31662.21;-125082.164;-255.0;-235.36789;-252.99655;21074.75;explore_off;8;0.12109769;DEFEAT
0;0;0.0;0.0;-255000.0;-255.0;-255.0;-255.0;24999.982;idle;10;0.75569576;DEFEAT
0;0;0.0;0.0;-255000.0;-255.0;-255.0;-255.0;24999.982;idle;8;0.75569576;DEFEAT
0;0;0.0;0.0;-255000.0;-255.0;-255.0;-255.0;24999.982;idle;6;0.75569576;DEFEAT
0;0;0.0;0.0;-255000.0;-255.0;-255.0;-255.0;24999.982;idle;6;0.75569576;DEFEAT
0;0;0.0;0.0;-255000.0;-255.0;-255.0;-255.0;24999.982;idle;4;0.75569576;DEFEAT
0;0;0.0;0.0;-255000.0;-255.0;-255.0;-255.0;24999.982;idle;4;0.75569576;DEFEAT
0;0;0.0;0.0;-255000.0;-255.0;-255.0;-255.0;24999.982;idle;2;0.75569576;DEFEAT
0;0;0.0;0.0;-17844.457;-255.0;-251.33015;-139.8696;15975.673;explore_def;12;0.558779;DEFEAT
0;0;0.0;0.0;-130571.164;-255.0;-233.08904;-252.99811;20869.23;explore_def;10;0.4328325;DEFEAT
0;0;0.0;0.0;-128115.28;-255.0;-237.64226;-252.8553;20347.174;explore_def;6;0.4597806;DEFEAT
0;0;0.0;0.0;-126642.8;-255.0;-236.83194;-252.77104;20520.004;explore_def;6;0.294658;DEFEAT
0;0;0.0;0.0;-128098.945;-255.0;-236.87302;-252.4173;19955.566;explore_def;6;0.09826506;DEFEAT
0;0;0.0;0.0;-124118.055;-255.0;-237.26492;-252.99323;21128.174;explore_def;6;-0.0049133743;DEFEAT
0;0;0.0;0.0;-123622.69;-255.0;-243.96043;-252.87332;20971.86;explore_def;6;0.11473299;DEFEAT
0;0;0.0;0.0;-122097.08;-255.0;-240.75795;-252.91473;21325.861;explore_def;6;0.23584513;DEFEAT
0;0;0.0;0.0;-114698.016;-255.0;-242.74992;-251.83371;20528.182;explore_def;4;0.32761818;DEFEAT
0;0;0.0;0.0;-122337.28;-255.0;-238.31345;-252.996;21577.684;explore_def;2;0.3342929;DEFEAT
0;0;0.0;0.0;-132575.61;-255.0;-234.51833;-252.99854;20858.264;explore_def;10;0.6470091;DEFEAT
0;0;0.0;0.0;-126328.66;-255.0;-233.75815;-252.9053;21007.492;explore_def;8;0.13823502;DEFEAT
0;0;0.0;0.0;-124586.37;-255.0;-237.74426;-252.83348;20876.723;explore_def;8;0.16149221;DEFEAT
0;0;0.0;0.0;-122596.516;-255.0;-242.57857;-252.70921;20907.768;explore_def;8;0.13950586;DEFEAT
0;0;0.0;0.0;-120796.0;-255.0;-235.66296;-252.62091;20830.074;explore_def;8;0.08446842;DEFEAT
0;0;0.0;0.0;-123827.72;-255.0;-230.7799;-252.99878;21184.305;explore_def;8;0.051563304;DEFEAT
0;0;0.0;0.0;-124360.24;-255.0;-236.78612;-252.99959;21318.479;explore_def;8;0.13980408;DEFEAT
0;0;0.0;0.0;-127875.055;-255.0;-232.8843;-252.99883;20715.92;explore_def;6;0.7222208;DEFEAT
0;0;0.0;0.0;-127651.9;-255.0;-235.51524;-252.89526;20593.488;explore_def;4;0.50220543;DEFEAT
0;0;0.0;0.0;-128653.086;-255.0;-240.40381;-252.73888;20532.854;explore_def;2;0.21190365;DEFEAT
0;0;0.0;0.0;-127108.34;-255.0;-240.98882;-252.37082;20103.559;explore_def;2;0.19383179;DEFEAT
0;0;0.0;0.0;-128872.08;-255.0;-235.25833;-252.4759;20290.307;explore_def;2;0.17972098;DEFEAT
0;0;0.0;0.0;-128786.64;-255.0;-239.85484;-251.82387;19882.445;explore_def;2;0.17325309;DEFEAT
0;0;0.0;0.0;-128970.22;-255.0;-239.1199;-251.19395;19601.102;explore_def;2;0.1691175;DEFEAT
0;0;0.0;0.0;-127949.63;-255.0;-239.89986;-251.11642;19428.14;explore_def;2;0.11246371;DEFEAT
0;0;0.0;0.0;-129248.66;-255.0;-240.38567;-251.5983;19930.312;explore_def;2;0.06170801;DEFEAT
0;0;0.0;0.0;-132050.6;-255.0;-240.84084;-252.04713;20096.719;explore_def;2;0.0120643135;DEFEAT
0;0;0.0;0.0;-135624.66;-255.0;-241.43713;-252.99495;20773.12;explore_def;2;0.07477464;DEFEAT
0;0;0.0;0.0;-131283.1;-255.0;-240.59984;-251.81166;19831.428;explore_def;2;0.19493459;DEFEAT
0;0;0.0;0.0;-126939.41;-255.0;-239.85313;-251.0783;19521.973;explore_def;2;0.24732447;DEFEAT
0;0;0.0;0.0;-129245.79;-255.0;-240.37912;-251.59496;19941.1;explore_def;2;0.14314201;DEFEAT
0;0;0.0;0.0;-130638.516;-255.0;-236.64426;-252.99908;20658.137;explore_def;2;0.028162926;DEFEAT
0;0;0.0;0.0;-132575.45;-255.0;-234.61803;-252.99612;20902.074;explore_def;12;0.571762;DEFEAT
0;0;0.0;0.0;-132542.9;-255.0;-232.65417;-252.90974;20481.818;explore_def;12;0.46448255;DEFEAT
0;0;0.0;0.0;-125312.2;-255.0;-236.13048;-252.99641;21212.71;explore_def;6;0.43023282;DEFEAT
0;0;0.0;0.0;-126376.625;-255.0;-233.99844;-252.97154;20853.232;explore_def;6;0.6273501;DEFEAT
0;0;0.0;0.0;-126641.68;-255.0;-237.44882;-252.94637;20722.168;explore_def;6;0.55085284;DEFEAT
0;0;0.0;0.0;-126375.97;-255.0;-231.10638;-252.99805;20907.363;explore_def;6;0.41804022;DEFEAT
0;0;0.0;0.0;-132125.19;-255.0;-233.89413;-252.75258;20638.793;explore_def;6;0.17454034;DEFEAT
0;0;0.0;0.0;-133131.42;-255.0;-244.40475;-251.77907;20860.096;explore_def;6;0.05255647;DEFEAT
1;1;30371.426;29829.64;-147940.1;-255.0;-239.10825;-252.99814;21580.863;hunt;6;0.263585;DEFEAT
0;0;0.0;0.0;-9296.277;-140.70782;-110.02071;-14.583336;16068.948;idle;12;0.742014;DEFEAT
0;0;0.0;0.0;-9786.527;-140.77045;-107.570015;-14.583336;15570.616;idle;12;0.742014;DEFEAT
0;0;0.0;0.0;-9786.527;-140.77045;-107.570015;-14.583336;15570.616;idle;12;0.742014;DEFEAT
0;0;0.0;0.0;-9786.527;-140.77045;-107.570015;-14.583336;15570.616;idle;12;0.742014;DEFEAT
0;0;0.0;0.0;-9786.527;-140.77045;-107.570015;-14.583336;15570.616;idle;12;0.742014;DEFEAT
0;0;0.0;0.0;-9786.527;-140.77045;-107.570015;-14.583336;15570.616;idle;12;0.742014;DEFEAT
0;0;0.0;0.0;-9786.527;-140.77045;-107.570015;-14.583336;15570.616;idle;12;0.742014;DEFEAT
0;0;0.0;0.0;-9786.527;-140.77045;-107.570015;-14.583336;15570.616;idle;12;0.742014;DEFEAT
0;0;0.0;0.0;-9786.527;-140.77045;-107.570015;-14.583336;15570.616;idle;12;0.742014;DEFEAT
0;0;0.0;0.0;-9786.527;-140.77045;-107.570015;-14.583336;15570.616;idle;12;0.742014;DEFEAT
0;0;0.0;0.0;-9786.527;-140.77045;-107.570015;-14.583336;15570.616;idle;12;0.742014;DEFEAT
0;0;0.0;0.0;-9786.527;-140.77045;-107.570015;-14.583336;15570.616;idle;12;0.742014;DEFEAT
0;0;0.0;0.0;-9786.527;-140.77045;-107.570015;-14.583336;15570.616;idle;12;0.742014;DEFEAT
0;0;0.0;0.0;-9786.527;-140.77045;-107.570015;-14.583336;15570.616;idle;12;0.742014;DEFEAT
0;0;0.0;0.0;-9786.527;-140.77045;-107.570015;-14.583336;15570.616;idle;12;0.742014;DEFEAT
0;0;0.0;0.0;-9786.527;-140.77045;-107.570015;-14.583336;15570.616;idle;12;0.742014;DEFEAT
0;0;0.0;0.0;-9786.527;-140.77045;-107.570015;-14.583336;15570.616;idle;12;0.742014;DEFEAT
0;0;0.0;0.0;-9786.527;-140.77045;-107.570015;-14.583336;15570.616;idle;12;0.742014;DEFEAT
0;0;0.0;0.0;-9786.527;-140.77045;-107.570015;-14.583336;15570.616;idle;12;0.742014;DEFEAT
0;0;0.0;0.0;-9786.527;-140.77045;-107.570015;-14.583336;15570.616;idle;12;0.742014;DEFEAT
0;0;0.0;0.0;-9786.527;-140.77045;-107.570015;-14.583336;15570.616;idle;12;0.742014;DEFEAT
0;0;0.0;0.0;-9786.527;-140.77045;-107.570015;-14.583336;15570.616;idle;12;0.742014;DEFEAT
0;0;0.0;0.0;-9786.527;-140.77045;-107.570015;-14.583336;15570.616;idle;12;0.742014;DEFEAT
0;0;0.0;0.0;-9786.527;-140.77045;-107.570015;-14.583336;15570.616;idle;12;0.742014;DEFEAT
0;0;0.0;0.0;-9786.527;-140.77045;-107.570015;-14.583336;15570.616;idle;12;0.742014;DEFEAT
0;0;0.0;0.0;-9786.527;-140.77045;-107.570015;-14.583336;15570.616;idle;12;0.742014;DEFEAT
0;0;0.0;0.0;-9786.527;-140.77045;-107.570015;-14.583336;15570.616;idle;12;0.742014;DEFEAT
0;0;0.0;0.0;-9786.527;-140.77045;-107.570015;-14.583336;15570.616;idle;12;0.742014;DEFEAT
0;0;0.0;0.0;-9786.527;-140.77045;-107.570015;-14.583336;15570.616;idle;12;0.742014;DEFEAT
0;0;0.0;0.0;-9786.527;-140.77045;-107.570015;-14.583336;15570.616;idle;12;0.742014;DEFEAT
0;0;0.0;0.0;-9786.527;-140.77045;-107.570015;-14.583336;15570.616;idle;12;0.742014;DEFEAT
0;0;0.0;0.0;-9786.527;-140.77045;-107.570015;-14.583336;15570.616;idle;12;0.742014;DEFEAT
0;0;0.0;0.0;-9786.527;-140.77045;-107.570015;-14.583336;15570.616;idle;12;0.742014;DEFEAT
0;0;0.0;0.0;-9786.527;-140.77045;-107.570015;-14.583336;15570.616;idle;12;0.742014;DEFEAT
0;0;0.0;0.0;-9786.527;-140.77045;-107.570015;-14.583336;15570.616;idle;12;0.742014;DEFEAT
0;0;0.0;0.0;-9786.527;-140.77045;-107.570015;-14.583336;15570.616;idle;12;0.742014;DEFEAT
0;0;0.0;0.0;-9786.527;-140.77045;-107.570015;-14.583336;15570.616;idle;12;0.742014;DEFEAT
0;0;0.0;0.0;-9786.527;-140.77045;-107.570015;-14.583336;15570.616;idle;12;0.742014;DEFEAT
0;0;0.0;0.0;-9786.527;-140.77045;-107.570015;-14.583336;15570.616;idle;12;0.742014;DEFEAT
0;0;0.0;0.0;-9786.527;-140.77045;-107.570015;-14.583336;15570.616;idle;12;0.742014;DEFEAT
0;0;0.0;0.0;-9786.527;-140.77045;-107.570015;-14.583336;15570.616;idle;12;0.742014;DEFEAT
0;0;0.0;0.0;-9786.527;-140.77045;-107.570015;-14.583336;15570.616;idle;12;0.742014;DEFEAT
0;0;0.0;0.0;-9786.527;-140.77045;-107.570015;-14.583336;15570.616;idle;12;0.742014;DEFEAT
0;0;0.0;0.0;-9786.527;-140.77045;-107.570015;-14.583336;15570.616;idle;12;0.742014;DEFEAT
0;0;0.0;0.0;-9786.527;-140.77045;-107.570015;-14.583336;15570.616;idle;12;0.742014;DEFEAT
0;0;0.0;0.0;-9786.527;-140.77045;-107.570015;-14.583336;15570.616;idle;12;0.742014;DEFEAT
0;0;0.0;0.0;-9786.527;-140.77045;-107.570015;-14.583336;15570.616;idle;12;0.742014;DEFEAT
0;0;0.0;0.0;-9786.527;-140.77045;-107.570015;-14.583336;15570.616;idle;12;0.742014;DEFEAT
0;0;0.0;0.0;-9786.527;-140.77045;-107.570015;-14.583336;15570.616;idle;12;0.742014;DEFEAT
0;0;0.0;0.0;-9786.527;-140.77045;-107.570015;-14.583336;15570.616;idle;12;0.742014;DEFEAT
0;0;0.0;0.0;-9786.527;-140.77045;-107.570015;-14.583336;15570.616;idle;12;0.742014;DEFEAT
0;0;0.0;0.0;-9786.527;-140.77045;-107.570015;-14.583336;15570.616;idle;12;0.742014;DEFEAT
0;0;0.0;0.0;-9786.527;-140.77045;-107.570015;-14.583336;15570.616;idle;12;0.742014;DEFEAT
0;0;0.0;0.0;-9786.527;-140.77045;-107.570015;-14.583336;15570.616;idle;12;0.742014;DEFEAT
0;0;0.0;0.0;-9786.527;-140.77045;-107.570015;-14.583336;15570.616;idle;12;0.742014;DEFEAT
0;0;0.0;0.0;-9786.527;-140.77045;-107.570015;-14.583336;15570.616;idle;12;0.742014;DEFEAT
0;0;0.0;0.0;-9786.527;-140.77045;-107.570015;-14.583336;15570.616;idle;12;0.742014;DEFEAT
0;0;0.0;0.0;-9786.527;-140.77045;-107.570015;-14.583336;15570.616;idle;12;0.742014;DEFEAT
0;0;0.0;0.0;-9786.527;-140.77045;-107.570015;-14.583336;15570.616;idle;12;0.742014;DEFEAT
0;0;0.0;0.0;-9786.527;-140.77045;-107.570015;-14.583336;15570.616;idle;12;0.742014;DEFEAT
0;0;0.0;0.0;-9786.527;-140.77045;-107.570015;-14.583336;15570.616;idle;12;0.742014;DEFEAT
0;0;0.0;0.0;-9786.527;-140.77045;-107.570015;-14.583336;15570.616;idle;12;0.742014;DEFEAT
0;0;0.0;0.0;-9786.527;-140.77045;-107.570015;-14.583336;15570.616;idle;12;0.742014;DEFEAT
0;0;0.0;0.0;-9786.527;-140.77045;-107.570015;-14.583336;15570.616;idle;12;0.742014;DEFEAT
0;0;0.0;0.0;-9786.527;-140.77045;-107.570015;-14.583336;15570.616;idle;12;0.742014;DEFEAT
0;0;0.0;0.0;-9786.527;-140.77045;-107.570015;-14.583336;15570.616;idle;12;0.742014;DEFEAT
0;0;0.0;0.0;-9786.527;-140.77045;-107.570015;-14.583336;15570.616;idle;12;0.742014;DEFEAT
0;0;0.0;0.0;-9786.527;-140.77045;-107.570015;-14.583336;15570.616;idle;12;0.742014;DEFEAT
0;0;0.0;0.0;-9786.527;-140.77045;-107.570015;-14.583336;15570.616;idle;12;0.742014;DEFEAT
0;0;0.0;0.0;-9786.527;-140.77045;-107.570015;-14.583336;15570.616;idle;12;0.742014;DEFEAT
0;0;0.0;0.0;-9786.527;-140.77045;-107.570015;-14.583336;15570.616;idle;12;0.742014;DEFEAT
0;0;0.0;0.0;-9786.527;-140.77045;-107.570015;-14.583336;15570.616;idle;12;0.742014;DEFEAT
0;0;0.0;0.0;-9786.527;-140.77045;-107.570015;-14.583336;15570.616;idle;12;0.742014;DEFEAT
0;0;0.0;0.0;-9786.527;-140.77045;-107.570015;-14.583336;15570.616;idle;12;0.742014;DEFEAT
0;0;0.0;0.0;-9786.527;-140.77045;-107.570015;-14.583336;15570.616;idle;12;0.742014;DEFEAT
0;0;0.0;0.0;-9786.527;-140.77045;-107.570015;-14.583336;15570.616;idle;12;0.742014;DEFEAT
0;0;0.0;0.0;-9786.527;-140.77045;-107.570015;-14.583336;15570.616;idle;12;0.742014;DEFEAT
0;0;0.0;0.0;-9786.527;-140.77045;-107.570015;-14.583336;15570.616;idle;12;0.742014;DEFEAT
0;0;0.0;0.0;-9786.527;-140.77045;-107.570015;-14.583336;15570.616;idle;12;0.742014;DEFEAT
0;0;0.0;0.0;-9786.527;-140.77045;-107.570015;-14.583336;15570.616;idle;12;0.742014;DEFEAT
0;0;0.0;0.0;-9786.527;-140.77045;-107.570015;-14.583336;15570.616;idle;12;0.742014;DEFEAT
0;0;0.0;0.0;-9786.527;-140.77045;-107.570015;-14.583336;15570.616;idle;12;0.742014;DEFEAT
0;0;0.0;0.0;-9786.527;-140.77045;-107.570015;-14.583336;15570.616;idle;12;0.742014;DEFEAT
0;0;0.0;0.0;-9786.527;-140.77045;-107.570015;-14.583336;15570.616;idle;12;0.742014;DEFEAT
0;0;0.0;0.0;-9786.527;-140.77045;-107.570015;-14.583336;15570.616;idle;12;0.742014;DEFEAT
0;0;0.0;0.0;-9786.527;-140.77045;-107.570015;-14.583336;15570.616;idle;12;0.742014;DEFEAT
0;0;0.0;0.0;-9786.527;-140.77045;-107.570015;-14.583336;15570.616;idle;12;0.742014;DEFEAT
0;0;0.0;0.0;-9786.527;-140.77045;-107.570015;-14.583336;15570.616;idle;12;0.742014;DEFEAT
0;0;0.0;0.0;-9786.527;-140.77045;-107.570015;-14.583336;15570.616;idle;12;0.742014;DEFEAT
0;0;0.0;0.0;-9786.527;-140.77045;-107.570015;-14.583336;15570.616;idle;12;0.742014;DEFEAT
0;0;0.0;0.0;-9786.527;-140.77045;-107.570015;-14.583336;15570.616;idle;12;0.742014;DEFEAT
0;0;0.0;0.0;-9786.527;-140.77045;-107.570015;-14.583336;15570.616;idle;12;0.742014;DEFEAT
0;0;0.0;0.0;-9786.527;-140.77045;-107.570015;-14.583336;15570.616;idle;12;0.742014;DEFEAT
0;0;0.0;0.0;-9786.527;-140.77045;-107.570015;-14.583336;15570.616;idle;12;0.742014;DEFEAT
0;0;0.0;0.0;-9786.527;-140.77045;-107.570015;-14.583336;15570.616;idle;12;0.742014;DEFEAT
0;0;0.0;0.0;-9786.527;-140.77045;-107.570015;-14.583336;15570.616;idle;12;0.742014;DEFEAT
0;0;0.0;0.0;-9786.527;-140.77045;-107.570015;-14.583336;15570.616;idle;12;0.742014;DEFEAT
0;0;0.0;0.0;-9786.527;-140.77045;-107.570015;-14.583336;15570.616;idle;12;0.742014;DEFEAT
0;0;0.0;0.0;-9786.527;-140.77045;-107.570015;-14.583336;15570.616;idle;12;0.742014;DEFEAT
0;0;0.0;0.0;-9786.527;-140.77045;-107.570015;-14.583336;15570.616;idle;12;0.742014;DEFEAT
0;0;0.0;0.0;-9786.527;-140.77045;-107.570015;-14.583336;15570.616;idle;12;0.742014;DEFEAT
0;0;0.0;0.0;-9786.527;-140.77045;-107.570015;-14.583336;15570.616;idle;12;0.742014;DEFEAT
0;0;0.0;0.0;-9786.527;-140.77045;-107.570015;-14.583336;15570.616;idle;12;0.742014;DEFEAT
0;0;0.0;0.0;-9786.527;-140.77045;-107.570015;-14.583336;15570.616;idle;12;0.742014;DEFEAT
0;0;0.0;0.0;-9786.527;-140.77045;-107.570015;-14.583336;15570.616;idle;12;0.742014;DEFEAT
0;0;0.0;0.0;-9786.527;-140.77045;-107.570015;-14.583336;15570.616;idle;12;0.742014;DEFEAT
0;0;0.0;0.0;-9786.527;-140.77045;-107.570015;-14.583336;15570.616;idle;12;0.742014;DEFEAT
0;0;0.0;0.0;-9786.527;-140.77045;-107.570015;-14.583336;15570.616;idle;12;0.742014;DEFEAT
0;0;0.0;0.0;-9786.527;-140.77045;-107.570015;-14.583336;15570.616;idle;12;0.742014;DEFEAT
0;0;0.0;0.0;-9786.527;-140.77045;-107.570015;-14.583336;15570.616;idle;12;0.742014;DEFEAT
0;0;0.0;0.0;-9786.527;-140.77045;-107.570015;-14.583336;15570.616;idle;12;0.742014;DEFEAT
0;0;0.0;0.0;-9786.527;-140.77045;-107.570015;-14.583336;15570.616;idle;12;0.742014;DEFEAT
0;0;0.0;0.0;-9786.527;-140.77045;-107.570015;-14.583336;15570.616;idle;12;0.742014;DEFEAT
0;0;0.0;0.0;-9786.527;-140.77045;-107.570015;-14.583336;15570.616;idle;12;0.742014;DEFEAT
0;0;0.0;0.0;-9786.527;-140.77045;-107.570015;-14.583336;15570.616;idle;12;0.742014;DEFEAT
0;0;0.0;0.0;-9786.527;-140.77045;-107.570015;-14.583336;15570.616;idle;12;0.742014;DEFEAT
0;0;0.0;0.0;-9786.527;-140.77045;-107.570015;-14.583336;15570.616;idle;12;0.742014;DEFEAT
0;0;0.0;0.0;-9786.527;-140.77045;-107.570015;-14.583336;15570.616;idle;12;0.742014;DEFEAT
0;0;0.0;0.0;-9786.527;-140.77045;-107.570015;-14.583336;15570.616;idle;12;0.742014;DEFEAT
0;0;0.0;0.0;-9786.527;-140.77045;-107.570015;-14.583336;15570.616;idle;12;0.742014;DEFEAT
0;0;0.0;0.0;-9786.527;-140.77045;-107.570015;-14.583336;15570.616;idle;12;0.742014;DEFEAT
0;0;0.0;0.0;-9786.527;-140.77045;-107.570015;-14.583336;15570.616;idle;12;0.742014;DEFEAT
0;0;0.0;0.0;-9786.527;-140.77045;-107.570015;-14.583336;15570.616;idle;12;0.742014;DEFEAT
0;0;0.0;0.0;-9786.527;-140.77045;-107.570015;-14.583336;15570.616;idle;12;0.742014;DEFEAT
0;0;0.0;0.0;-9786.527;-140.77045;-107.570015;-14.583336;15570.616;idle;12;0.742014;DEFEAT
0;0;0.0;0.0;-9786.527;-140.77045;-107.570015;-14.583336;15570.616;idle;12;0.742014;DEFEAT
0;0;0.0;0.0;-9786.527;-140.77045;-107.570015;-14.583336;15570.616;idle;12;0.742014;DEFEAT
0;0;0.0;0.0;-9786.527;-140.77045;-107.570015;-14.583336;15570.616;idle;12;0.742014;DEFEAT
0;0;0.0;0.0;-9786.527;-140.77045;-107.570015;-14.583336;15570.616;idle;12;0.742014;DEFEAT
0;0;0.0;0.0;-9786.527;-140.77045;-107.570015;-14.583336;15570.616;idle;12;0.742014;DEFEAT
0;0;0.0;0.0;-9786.527;-140.77045;-107.570015;-14.583336;15570.616;idle;12;0.742014;DEFEAT
0;0;0.0;0.0;-9786.527;-140.77045;-107.570015;-14.583336;15570.616;idle;12;0.742014;DEFEAT
0;0;0.0;0.0;-9786.527;-140.77045;-107.570015;-14.583336;15570.616;idle;12;0.742014;DEFEAT
0;0;0.0;0.0;-9786.527;-140.77045;-107.570015;-14.583336;15570.616;idle;12;0.742014;DEFEAT
0;0;0.0;0.0;-9786.527;-140.77045;-107.570015;-14.583336;15570.616;idle;12;0.742014;DEFEAT
0;0;0.0;0.0;-9786.527;-140.77045;-107.570015;-14.583336;15570.616;idle;12;0.742014;DEFEAT
0;0;0.0;0.0;-9786.527;-140.77045;-107.570015;-14.583336;15570.616;idle;12;0.742014;DEFEAT
0;0;0.0;0.0;-9786.527;-140.77045;-107.570015;-14.583336;15570.616;idle;12;0.742014;DEFEAT
0;0;0.0;0.0;-9786.527;-140.77045;-107.570015;-14.583336;15570.616;idle;12;0.742014;DEFEAT
0;0;0.0;0.0;-9786.527;-140.77045;-107.570015;-14.583336;15570.616;idle;12;0.742014;DEFEAT
0;0;0.0;0.0;-9786.527;-140.77045;-107.570015;-14.583336;15570.616;idle;12;0.742014;DEFEAT
0;0;0.0;0.0;-9786.527;-140.77045;-107.570015;-14.583336;15570.616;idle;12;0.742014;DEFEAT
0;0;0.0;0.0;-9786.527;-140.77045;-107.570015;-14.583336;15570.616;idle;12;0.742014;DEFEAT
0;0;0.0;0.0;-9786.527;-140.77045;-107.570015;-14.583336;15570.616;idle;12;0.742014;DEFEAT
0;0;0.0;0.0;-9786.527;-140.77045;-107.570015;-14.583336;15570.616;idle;12;0.742014;DEFEAT
0;0;0.0;0.0;-9786.527;-140.77045;-107.570015;-14.583336;15570.616;idle;12;0.742014;DEFEAT
0;0;0.0;0.0;-9786.527;-140.77045;-107.570015;-14.583336;15570.616;idle;12;0.742014;DEFEAT
0;0;0.0;0.0;-9786.527;-140.77045;-107.570015;-14.583336;15570.616;idle;12;0.742014;DEFEAT
0;0;0.0;0.0;-9786.527;-140.77045;-107.570015;-14.583336;15570.616;idle;12;0.742014;DEFEAT
0;0;0.0;0.0;-9786.527;-140.77045;-107.570015;-14.583336;15570.616;idle;12;0.742014;DEFEAT
0;0;0.0;0.0;-9786.527;-140.77045;-107.570015;-14.583336;15570.616;idle;12;0.742014;DEFEAT
0;0;0.0;0.0;-9786.527;-140.77045;-107.570015;-14.583336;15570.616;idle;12;0.742014;DEFEAT
0;0;0.0;0.0;-9786.527;-140.77045;-107.570015;-14.583336;15570.616;idle;12;0.742014;DEFEAT
0;0;0.0;0.0;-9786.527;-140.77045;-107.570015;-14.583336;15570.616;idle;12;0.742014;DEFEAT
0;0;0.0;0.0;-9786.527;-140.77045;-107.570015;-14.583336;15570.616;idle;12;0.742014;DEFEAT
0;0;0.0;0.0;-9786.527;-140.77045;-107.570015;-14.583336;15570.616;idle;12;0.742014;DEFEAT
0;0;0.0;0.0;-9786.527;-140.77045;-107.570015;-14.583336;15570.616;idle;12;0.742014;DEFEAT
0;0;0.0;0.0;-9786.527;-140.77045;-107.570015;-14.583336;15570.616;idle;12;0.742014;DEFEAT
0;0;0.0;0.0;-9786.527;-140.77045;-107.570015;-14.583336;15570.616;idle;12;0.742014;DEFEAT
0;0;0.0;0.0;-9786.527;-140.77045;-107.570015;-14.583336;15570.616;idle;12;0.742014;DEFEAT
0;0;0.0;0.0;-9786.527;-140.77045;-107.570015;-14.583336;15570.616;idle;12;0.742014;DEFEAT
0;0;0.0;0.0;-9786.527;-140.77045;-107.570015;-14.583336;15570.616;idle;12;0.742014;DEFEAT
0;0;0.0;0.0;-9786.527;-140.77045;-107.570015;-14.583336;15570.616;idle;12;0.742014;DEFEAT
0;0;0.0;0.0;-9786.527;-140.77045;-107.570015;-14.583336;15570.616;idle;12;0.742014;DEFEAT
0;0;0.0;0.0;-83193.02;-126.76077;-114.14191;-120.575874;21181.688;explore_def;8;0.6958505;DEFEAT
0;0;0.0;0.0;-81687.58;-136.04823;-108.47645;-124.431946;18688.02;explore_def;8;0.6182845;DEFEAT
0;0;0.0;0.0;-86062.02;-135.8674;-104.334724;-125.6678;19037.098;explore_def;8;0.5762753;DEFEAT
0;0;0.0;0.0;-86062.02;-135.8674;-104.334724;-125.6678;19037.098;explore_def;8;0.5762753;DEFEAT
0;0;0.0;0.0;-86062.02;-135.8674;-104.334724;-125.6678;19037.098;explore_def;8;0.5762753;DEFEAT
0;0;0.0;0.0;-86062.02;-135.8674;-104.334724;-125.6678;19037.098;explore_def;8;0.5762753;DEFEAT
0;0;0.0;0.0;-86062.02;-135.8674;-104.334724;-125.6678;19037.098;explore_def;8;0.5762753;DEFEAT
0;0;0.0;0.0;-86062.02;-135.8674;-104.334724;-125.6678;19037.098;explore_def;8;0.5762753;DEFEAT
0;0;0.0;0.0;-86062.02;-135.8674;-104.334724;-125.6678;19037.098;explore_def;8;0.5762753;DEFEAT
0;0;0.0;0.0;-86873.19;-135.33261;-108.40967;-126.05402;19408.34;explore_def;8;0.63471895;DEFEAT
0;0;0.0;0.0;-82447.234;-136.18842;-106.20585;-124.73302;18901.867;explore_def;8;0.611469;DEFEAT
0;1;0.0;28917.934;-64063.332;-131.0726;-105.86936;-113.35249;19848.477;explore_off;8;0.10770091;DEFEAT
